{"cameraMode":{"drawMode":0,"name":"Shaded","section":"Shading Mode"},"sceneLighting":true,"audioPlay":false,"sceneViewState":{"showFog":false,"showMaterialUpdate":false,"showSkybox":false,"showFlares":false,"showImageEffects":false,"showParticleSystems":false},"in2DMode":false,"pivot":{"x":86.093505859375,"y":-33.623016357421878,"z":-44.83586883544922},"rotation":{"x":0.009471319615840912,"y":0.7273060083389282,"z":-0.6861783266067505,"w":0.01003789808601141},"size":214.4010467529297,"orthographic":false}