{"cameraMode":{"drawMode":0,"name":"Shaded","section":"Shading Mode"},"sceneLighting":false,"audioPlay":false,"sceneViewState":{"showFog":false,"showMaterialUpdate":false,"showSkybox":false,"showFlares":false,"showImageEffects":false,"showParticleSystems":false},"in2DMode":false,"pivot":{"x":119.04092407226563,"y":-62.572654724121097,"z":41.56243133544922},"rotation":{"x":0.14477795362472535,"y":0.6704520583152771,"z":-0.13577570021152497,"w":0.7149199843406677},"size":131.09461975097657,"orthographic":false}